index,data,ID,Titulo,Autor,Flair,Upvotes,Dowvotes,URL,Post
0,21/04/20,g5ild0,termina hoje o pagamento do “primeiro lote” auxílio emergencial para aqueles que se inscreveram do dia à,BrasilQuizNews,N/A,3,0,https://brasilquiz.com/termina-hoje-o-pagamento-do-primeiro-lote-auxilio-emergencial-para-aqueles-que-se-inscreveram-do-dia-7-a-10/,N/A
1,21/04/20,g5hhbl,mãe de isis helena afirma ter jogado o corpo da bebê no rio por que se desesperou ao perceber que a criança tinha morrido engasgada com leite,BrasilQuizNews,N/A,1,0,https://brasilquiz.com/mae-de-isis-helena-afirma-ter-jogado-o-corpo-da-bebe-no-rio-por-que-se-desesperou-ao-perceber-que-a-crianca-tinha-morrido-engasgada-com-leite/,N/A
2,21/04/20,g5hhb6,luciano huck ‘toca na ferida’ de bolsonaro mas sofre duro castigo,BrasilQuizNews,N/A,1,0,https://brasilquiz.com/luciano-huck-toca-na-ferida-de-bolsonaro-mas-sofre-duro-castigo/,N/A
3,21/04/20,g5gdt1,urgente avião cai e explode no brasil não sobrou nada,BrasilQuizNews,N/A,3,0,https://brasilquiz.com/urgente-aviao-cai-e-explode-no-brasil-nao-sobrou-nada/,N/A
4,21/04/20,g5gdst,carolina dieckmann celebra anos do filho com marcos frota e fãs reagem ‘a cara do pai’,BrasilQuizNews,N/A,1,0,https://brasilquiz.com/carolina-dieckmann-celebra-21-anos-do-filho-com-marcos-frota-e-fas-reagem-a-cara-do-pai/,N/A
5,21/04/20,g5gdsn,menino de anos trabalha sozinho para sustentar a família uma história de partir o coração,BrasilQuizNews,N/A,1,0,https://brasilquiz.com/menino-de-10-anos-trabalha-sozinho-para-sustentar-a-familia-uma-historia-de-partir-o-coracao/,N/A
6,21/04/20,g5fdb7,caso ísis helena jenifer confessa que tirou a vidinha de ísis descanse em paz anjinho,BrasilQuizNews,N/A,1,0,https://brasilquiz.com/caso-isis-helena-jenifer-confessa-que-tirou-a-vidinha-de-isis-descanse-em-paz-anjinho/,N/A
7,21/04/20,g5fday,alguns famosos que têm filhos e você nem sabia,BrasilQuizNews,N/A,1,0,https://brasilquiz.com/alguns-famosos-que-tem-filhos-e-voce-nem-sabia/,N/A
8,21/04/20,g5dn1j,vaza vídeo de diego alemão sendo algemado e colocado no camburão da pm,BrasilQuizNews,N/A,1,0,https://brasilquiz.com/vaza-video-de-diego-alemao-sendo-algemado-e-colocado-no-camburao-da-pm/,N/A
9,21/04/20,g5dn14,luto na música cantor morre após sofrer acidente doméstico,BrasilQuizNews,N/A,1,0,https://brasilquiz.com/luto-na-musica-cantor-morre-apos-sofrer-acidente-domestico/,N/A
10,21/04/20,g55zxj,homem é preso após querer caminhar na praia em pernambuco,BrasilQuizNews,N/A,1,0,https://brasilquiz.com/homem-e-preso-apos-querer-caminhar-na-praia-em-pernambuco/,N/A
11,21/04/20,g551kd,técnica em enfermagem morre por não haver vaga em uti de hospital,BrasilQuizNews,N/A,1,0,https://brasilquiz.com/tecnica-em-enfermagem-morre-por-nao-haver-vaga-em-uti-de-hospital/,N/A
12,20/04/20,g5421d,homem forte do conar que atacou gusttavo lima é pai de tiago leifert,BrasilQuizNews,N/A,1,0,https://brasilquiz.com/homem-forte-do-conar-que-atacou-gusttavo-lima-e-pai-de-tiago-leifert/,N/A
13,20/04/20,g4zjwa,caixa ensina como destravar seu auxílio emergencial,BrasilQuizNews,N/A,1,0,https://brasilquiz.com/caixa-ensina-como-destravar-seu-auxilio-emergencial/,N/A
14,20/04/20,g4yjs0,a live do século evaristo e padre fábio de melo se enfrentam cara a cara pela primeira vez,BrasilQuizNews,N/A,1,0,https://brasilquiz.com/a-live-do-seculo-evaristo-e-padre-fabio-de-melo-se-enfrentam-cara-a-cara-pela-primeira-vez/,N/A
15,20/04/20,g4xc7d,bbb exmarido de ivy rasga o verbo e revela motivo do fim do casamento,BrasilQuizNews,N/A,1,0,https://brasilquiz.com/bbb20-ex-marido-de-ivy-rasga-o-verbo-e-revela-motivo-do-fim-do-casamento/,N/A
16,20/04/20,g4xc77,live da dupla henrique e juliano encerra com lema “brasil acima de tudo deus acima de todos”,BrasilQuizNews,N/A,1,0,https://brasilquiz.com/live-da-dupla-henrique-e-juliano-encerra-com-lema-brasil-acima-de-tudo-deus-acima-de-todos/,N/A
17,29/03/20,fr03ad,eles não aprenderam os mercados chineses ainda estão vendendo morcegos e abatendo coelhos no chão encharcado de sangue enquanto pequim comemora vitória sobre o coronavírus,Leandro_AB_,N/A,1,0,https://www.resumo.blog.br/2020/03/eles-nao-aprenderam-os-mercados.html,N/A
18,04/04/18,89nqfn,carioca faz declaração de amor e pede para mulher voltar,thiagoparrini,N/A,1,0,https://www.youtube.com/attribution_link?a=_S3AroOIcKg&u=%2Fwatch%3Fv%3DHsBROJrhl40%26feature%3Dshare,N/A
19,12/04/16,4eh3b4,maluf deixa lista pública de procurados pela interpol,leZuero,N/A,1,0,http://g1.globo.com/sao-paulo/noticia/2016/04/maluf-deixa-lista-publica-de-procurados-pela-interpol.html,N/A
20,01/04/16,4cwoh5,apple quer bipar palavrões e prn em músicas e audiobooks e isso é péssimo,eduardocl,N/A,1,0,http://meiobit.com/340103/apple-patente-metodo-censura-musicas-audiobooks-identificas-palavroes-conteudo-improprio-pr0n/,N/A
21,26/03/16,4c36xj,o stf obriga sergio moro a dizer o que ainda não disse senso incomum,leZuero,N/A,2,0,http://sensoincomum.org/2016/03/26/o-stf-obriga-sergio-moro-a-dizer-o-que-ainda-nao-disse/,N/A
22,05/03/16,49240x,o antagonista mais um delator acusa lula,leZuero,N/A,1,0,http://www.oantagonista.com/posts/mais-um-delator-acusa-lula-3ebc82d4-393b-44c6-9b93-30491f2e3430,N/A
23,05/03/16,4922ys,leia o despacho de sérgio moro determinando a condução coercitiva de lula,leZuero,N/A,1,0,http://jota.uol.com.br/leia-o-despacho-de-sergio-moro-determinando-a-conducao-coercitiva-de-lula,N/A
24,21/04/20,g5ild0,termina hoje o pagamento do “primeiro lote” auxílio emergencial para aqueles que se inscreveram do dia à,BrasilQuizNews,N/A,3,0,https://brasilquiz.com/termina-hoje-o-pagamento-do-primeiro-lote-auxilio-emergencial-para-aqueles-que-se-inscreveram-do-dia-7-a-10/,N/A
25,21/04/20,g5hhbl,mãe de isis helena afirma ter jogado o corpo da bebê no rio por que se desesperou ao perceber que a criança tinha morrido engasgada com leite,BrasilQuizNews,N/A,1,0,https://brasilquiz.com/mae-de-isis-helena-afirma-ter-jogado-o-corpo-da-bebe-no-rio-por-que-se-desesperou-ao-perceber-que-a-crianca-tinha-morrido-engasgada-com-leite/,N/A
26,21/04/20,g5hhb6,luciano huck ‘toca na ferida’ de bolsonaro mas sofre duro castigo,BrasilQuizNews,N/A,1,0,https://brasilquiz.com/luciano-huck-toca-na-ferida-de-bolsonaro-mas-sofre-duro-castigo/,N/A
27,21/04/20,g5gdt1,urgente avião cai e explode no brasil não sobrou nada,BrasilQuizNews,N/A,3,0,https://brasilquiz.com/urgente-aviao-cai-e-explode-no-brasil-nao-sobrou-nada/,N/A
28,21/04/20,g5gdst,carolina dieckmann celebra anos do filho com marcos frota e fãs reagem ‘a cara do pai’,BrasilQuizNews,N/A,1,0,https://brasilquiz.com/carolina-dieckmann-celebra-21-anos-do-filho-com-marcos-frota-e-fas-reagem-a-cara-do-pai/,N/A
29,21/04/20,g5gdsn,menino de anos trabalha sozinho para sustentar a família uma história de partir o coração,BrasilQuizNews,N/A,1,0,https://brasilquiz.com/menino-de-10-anos-trabalha-sozinho-para-sustentar-a-familia-uma-historia-de-partir-o-coracao/,N/A
30,21/04/20,g5fdb7,caso ísis helena jenifer confessa que tirou a vidinha de ísis descanse em paz anjinho,BrasilQuizNews,N/A,1,0,https://brasilquiz.com/caso-isis-helena-jenifer-confessa-que-tirou-a-vidinha-de-isis-descanse-em-paz-anjinho/,N/A
31,21/04/20,g5fday,alguns famosos que têm filhos e você nem sabia,BrasilQuizNews,N/A,1,0,https://brasilquiz.com/alguns-famosos-que-tem-filhos-e-voce-nem-sabia/,N/A
32,21/04/20,g5dn1j,vaza vídeo de diego alemão sendo algemado e colocado no camburão da pm,BrasilQuizNews,N/A,1,0,https://brasilquiz.com/vaza-video-de-diego-alemao-sendo-algemado-e-colocado-no-camburao-da-pm/,N/A
33,21/04/20,g5dn14,luto na música cantor morre após sofrer acidente doméstico,BrasilQuizNews,N/A,1,0,https://brasilquiz.com/luto-na-musica-cantor-morre-apos-sofrer-acidente-domestico/,N/A
34,21/04/20,g55zxj,homem é preso após querer caminhar na praia em pernambuco,BrasilQuizNews,N/A,1,0,https://brasilquiz.com/homem-e-preso-apos-querer-caminhar-na-praia-em-pernambuco/,N/A
35,21/04/20,g551kd,técnica em enfermagem morre por não haver vaga em uti de hospital,BrasilQuizNews,N/A,1,0,https://brasilquiz.com/tecnica-em-enfermagem-morre-por-nao-haver-vaga-em-uti-de-hospital/,N/A
36,20/04/20,g5421d,homem forte do conar que atacou gusttavo lima é pai de tiago leifert,BrasilQuizNews,N/A,1,0,https://brasilquiz.com/homem-forte-do-conar-que-atacou-gusttavo-lima-e-pai-de-tiago-leifert/,N/A
37,20/04/20,g4zjwa,caixa ensina como destravar seu auxílio emergencial,BrasilQuizNews,N/A,1,0,https://brasilquiz.com/caixa-ensina-como-destravar-seu-auxilio-emergencial/,N/A
38,20/04/20,g4yjs0,a live do século evaristo e padre fábio de melo se enfrentam cara a cara pela primeira vez,BrasilQuizNews,N/A,1,0,https://brasilquiz.com/a-live-do-seculo-evaristo-e-padre-fabio-de-melo-se-enfrentam-cara-a-cara-pela-primeira-vez/,N/A
39,20/04/20,g4xc7d,bbb exmarido de ivy rasga o verbo e revela motivo do fim do casamento,BrasilQuizNews,N/A,1,0,https://brasilquiz.com/bbb20-ex-marido-de-ivy-rasga-o-verbo-e-revela-motivo-do-fim-do-casamento/,N/A
40,20/04/20,g4xc77,live da dupla henrique e juliano encerra com lema “brasil acima de tudo deus acima de todos”,BrasilQuizNews,N/A,1,0,https://brasilquiz.com/live-da-dupla-henrique-e-juliano-encerra-com-lema-brasil-acima-de-tudo-deus-acima-de-todos/,N/A
41,29/03/20,fr03ad,eles não aprenderam os mercados chineses ainda estão vendendo morcegos e abatendo coelhos no chão encharcado de sangue enquanto pequim comemora vitória sobre o coronavírus,Leandro_AB_,N/A,1,0,https://www.resumo.blog.br/2020/03/eles-nao-aprenderam-os-mercados.html,N/A
42,04/04/18,89nqfn,carioca faz declaração de amor e pede para mulher voltar,thiagoparrini,N/A,1,0,https://www.youtube.com/attribution_link?a=_S3AroOIcKg&u=%2Fwatch%3Fv%3DHsBROJrhl40%26feature%3Dshare,N/A
43,12/04/16,4eh3b4,maluf deixa lista pública de procurados pela interpol,leZuero,N/A,1,0,http://g1.globo.com/sao-paulo/noticia/2016/04/maluf-deixa-lista-publica-de-procurados-pela-interpol.html,N/A
44,01/04/16,4cwoh5,apple quer bipar palavrões e prn em músicas e audiobooks e isso é péssimo,eduardocl,N/A,1,0,http://meiobit.com/340103/apple-patente-metodo-censura-musicas-audiobooks-identificas-palavroes-conteudo-improprio-pr0n/,N/A
45,26/03/16,4c36xj,o stf obriga sergio moro a dizer o que ainda não disse senso incomum,leZuero,N/A,2,0,http://sensoincomum.org/2016/03/26/o-stf-obriga-sergio-moro-a-dizer-o-que-ainda-nao-disse/,N/A
46,05/03/16,49240x,o antagonista mais um delator acusa lula,leZuero,N/A,1,0,http://www.oantagonista.com/posts/mais-um-delator-acusa-lula-3ebc82d4-393b-44c6-9b93-30491f2e3430,N/A
47,05/03/16,4922ys,leia o despacho de sérgio moro determinando a condução coercitiva de lula,leZuero,N/A,1,0,http://jota.uol.com.br/leia-o-despacho-de-sergio-moro-determinando-a-conducao-coercitiva-de-lula,N/A
48,21/04/20,g5ild0,termina hoje o pagamento do “primeiro lote” auxílio emergencial para aqueles que se inscreveram do dia à,BrasilQuizNews,N/A,3,0,https://brasilquiz.com/termina-hoje-o-pagamento-do-primeiro-lote-auxilio-emergencial-para-aqueles-que-se-inscreveram-do-dia-7-a-10/,N/A
49,21/04/20,g5hhbl,mãe de isis helena afirma ter jogado o corpo da bebê no rio por que se desesperou ao perceber que a criança tinha morrido engasgada com leite,BrasilQuizNews,N/A,1,0,https://brasilquiz.com/mae-de-isis-helena-afirma-ter-jogado-o-corpo-da-bebe-no-rio-por-que-se-desesperou-ao-perceber-que-a-crianca-tinha-morrido-engasgada-com-leite/,N/A
50,21/04/20,g5hhb6,luciano huck ‘toca na ferida’ de bolsonaro mas sofre duro castigo,BrasilQuizNews,N/A,1,0,https://brasilquiz.com/luciano-huck-toca-na-ferida-de-bolsonaro-mas-sofre-duro-castigo/,N/A
51,21/04/20,g5gdt1,urgente avião cai e explode no brasil não sobrou nada,BrasilQuizNews,N/A,3,0,https://brasilquiz.com/urgente-aviao-cai-e-explode-no-brasil-nao-sobrou-nada/,N/A
52,21/04/20,g5gdst,carolina dieckmann celebra anos do filho com marcos frota e fãs reagem ‘a cara do pai’,BrasilQuizNews,N/A,1,0,https://brasilquiz.com/carolina-dieckmann-celebra-21-anos-do-filho-com-marcos-frota-e-fas-reagem-a-cara-do-pai/,N/A
53,21/04/20,g5gdsn,menino de anos trabalha sozinho para sustentar a família uma história de partir o coração,BrasilQuizNews,N/A,1,0,https://brasilquiz.com/menino-de-10-anos-trabalha-sozinho-para-sustentar-a-familia-uma-historia-de-partir-o-coracao/,N/A
54,21/04/20,g5fdb7,caso ísis helena jenifer confessa que tirou a vidinha de ísis descanse em paz anjinho,BrasilQuizNews,N/A,1,0,https://brasilquiz.com/caso-isis-helena-jenifer-confessa-que-tirou-a-vidinha-de-isis-descanse-em-paz-anjinho/,N/A
55,21/04/20,g5fday,alguns famosos que têm filhos e você nem sabia,BrasilQuizNews,N/A,1,0,https://brasilquiz.com/alguns-famosos-que-tem-filhos-e-voce-nem-sabia/,N/A
56,21/04/20,g5dn1j,vaza vídeo de diego alemão sendo algemado e colocado no camburão da pm,BrasilQuizNews,N/A,1,0,https://brasilquiz.com/vaza-video-de-diego-alemao-sendo-algemado-e-colocado-no-camburao-da-pm/,N/A
57,21/04/20,g5dn14,luto na música cantor morre após sofrer acidente doméstico,BrasilQuizNews,N/A,1,0,https://brasilquiz.com/luto-na-musica-cantor-morre-apos-sofrer-acidente-domestico/,N/A
58,21/04/20,g55zxj,homem é preso após querer caminhar na praia em pernambuco,BrasilQuizNews,N/A,1,0,https://brasilquiz.com/homem-e-preso-apos-querer-caminhar-na-praia-em-pernambuco/,N/A
59,21/04/20,g551kd,técnica em enfermagem morre por não haver vaga em uti de hospital,BrasilQuizNews,N/A,1,0,https://brasilquiz.com/tecnica-em-enfermagem-morre-por-nao-haver-vaga-em-uti-de-hospital/,N/A
60,20/04/20,g5421d,homem forte do conar que atacou gusttavo lima é pai de tiago leifert,BrasilQuizNews,N/A,1,0,https://brasilquiz.com/homem-forte-do-conar-que-atacou-gusttavo-lima-e-pai-de-tiago-leifert/,N/A
61,20/04/20,g4zjwa,caixa ensina como destravar seu auxílio emergencial,BrasilQuizNews,N/A,1,0,https://brasilquiz.com/caixa-ensina-como-destravar-seu-auxilio-emergencial/,N/A
62,20/04/20,g4yjs0,a live do século evaristo e padre fábio de melo se enfrentam cara a cara pela primeira vez,BrasilQuizNews,N/A,1,0,https://brasilquiz.com/a-live-do-seculo-evaristo-e-padre-fabio-de-melo-se-enfrentam-cara-a-cara-pela-primeira-vez/,N/A
63,20/04/20,g4xc7d,bbb exmarido de ivy rasga o verbo e revela motivo do fim do casamento,BrasilQuizNews,N/A,1,0,https://brasilquiz.com/bbb20-ex-marido-de-ivy-rasga-o-verbo-e-revela-motivo-do-fim-do-casamento/,N/A
64,20/04/20,g4xc77,live da dupla henrique e juliano encerra com lema “brasil acima de tudo deus acima de todos”,BrasilQuizNews,N/A,1,0,https://brasilquiz.com/live-da-dupla-henrique-e-juliano-encerra-com-lema-brasil-acima-de-tudo-deus-acima-de-todos/,N/A
65,29/03/20,fr03ad,eles não aprenderam os mercados chineses ainda estão vendendo morcegos e abatendo coelhos no chão encharcado de sangue enquanto pequim comemora vitória sobre o coronavírus,Leandro_AB_,N/A,1,0,https://www.resumo.blog.br/2020/03/eles-nao-aprenderam-os-mercados.html,N/A
66,04/04/18,89nqfn,carioca faz declaração de amor e pede para mulher voltar,thiagoparrini,N/A,1,0,https://www.youtube.com/attribution_link?a=_S3AroOIcKg&u=%2Fwatch%3Fv%3DHsBROJrhl40%26feature%3Dshare,N/A
67,12/04/16,4eh3b4,maluf deixa lista pública de procurados pela interpol,leZuero,N/A,1,0,http://g1.globo.com/sao-paulo/noticia/2016/04/maluf-deixa-lista-publica-de-procurados-pela-interpol.html,N/A
68,01/04/16,4cwoh5,apple quer bipar palavrões e prn em músicas e audiobooks e isso é péssimo,eduardocl,N/A,1,0,http://meiobit.com/340103/apple-patente-metodo-censura-musicas-audiobooks-identificas-palavroes-conteudo-improprio-pr0n/,N/A
69,26/03/16,4c36xj,o stf obriga sergio moro a dizer o que ainda não disse senso incomum,leZuero,N/A,2,0,http://sensoincomum.org/2016/03/26/o-stf-obriga-sergio-moro-a-dizer-o-que-ainda-nao-disse/,N/A
70,05/03/16,49240x,o antagonista mais um delator acusa lula,leZuero,N/A,1,0,http://www.oantagonista.com/posts/mais-um-delator-acusa-lula-3ebc82d4-393b-44c6-9b93-30491f2e3430,N/A
71,05/03/16,4922ys,leia o despacho de sérgio moro determinando a condução coercitiva de lula,leZuero,N/A,1,0,http://jota.uol.com.br/leia-o-despacho-de-sergio-moro-determinando-a-conducao-coercitiva-de-lula,N/A
72,21/04/20,g5ild0,termina hoje o pagamento do “primeiro lote” auxílio emergencial para aqueles que se inscreveram do dia à,BrasilQuizNews,N/A,3,0,https://brasilquiz.com/termina-hoje-o-pagamento-do-primeiro-lote-auxilio-emergencial-para-aqueles-que-se-inscreveram-do-dia-7-a-10/,N/A
73,21/04/20,g5hhbl,mãe de isis helena afirma ter jogado o corpo da bebê no rio por que se desesperou ao perceber que a criança tinha morrido engasgada com leite,BrasilQuizNews,N/A,1,0,https://brasilquiz.com/mae-de-isis-helena-afirma-ter-jogado-o-corpo-da-bebe-no-rio-por-que-se-desesperou-ao-perceber-que-a-crianca-tinha-morrido-engasgada-com-leite/,N/A
74,21/04/20,g5hhb6,luciano huck ‘toca na ferida’ de bolsonaro mas sofre duro castigo,BrasilQuizNews,N/A,1,0,https://brasilquiz.com/luciano-huck-toca-na-ferida-de-bolsonaro-mas-sofre-duro-castigo/,N/A
75,21/04/20,g5gdt1,urgente avião cai e explode no brasil não sobrou nada,BrasilQuizNews,N/A,3,0,https://brasilquiz.com/urgente-aviao-cai-e-explode-no-brasil-nao-sobrou-nada/,N/A
76,21/04/20,g5gdst,carolina dieckmann celebra anos do filho com marcos frota e fãs reagem ‘a cara do pai’,BrasilQuizNews,N/A,1,0,https://brasilquiz.com/carolina-dieckmann-celebra-21-anos-do-filho-com-marcos-frota-e-fas-reagem-a-cara-do-pai/,N/A
77,21/04/20,g5gdsn,menino de anos trabalha sozinho para sustentar a família uma história de partir o coração,BrasilQuizNews,N/A,1,0,https://brasilquiz.com/menino-de-10-anos-trabalha-sozinho-para-sustentar-a-familia-uma-historia-de-partir-o-coracao/,N/A
78,21/04/20,g5fdb7,caso ísis helena jenifer confessa que tirou a vidinha de ísis descanse em paz anjinho,BrasilQuizNews,N/A,1,0,https://brasilquiz.com/caso-isis-helena-jenifer-confessa-que-tirou-a-vidinha-de-isis-descanse-em-paz-anjinho/,N/A
79,21/04/20,g5fday,alguns famosos que têm filhos e você nem sabia,BrasilQuizNews,N/A,1,0,https://brasilquiz.com/alguns-famosos-que-tem-filhos-e-voce-nem-sabia/,N/A
80,21/04/20,g5dn1j,vaza vídeo de diego alemão sendo algemado e colocado no camburão da pm,BrasilQuizNews,N/A,1,0,https://brasilquiz.com/vaza-video-de-diego-alemao-sendo-algemado-e-colocado-no-camburao-da-pm/,N/A
81,21/04/20,g5dn14,luto na música cantor morre após sofrer acidente doméstico,BrasilQuizNews,N/A,1,0,https://brasilquiz.com/luto-na-musica-cantor-morre-apos-sofrer-acidente-domestico/,N/A
82,21/04/20,g55zxj,homem é preso após querer caminhar na praia em pernambuco,BrasilQuizNews,N/A,1,0,https://brasilquiz.com/homem-e-preso-apos-querer-caminhar-na-praia-em-pernambuco/,N/A
83,21/04/20,g551kd,técnica em enfermagem morre por não haver vaga em uti de hospital,BrasilQuizNews,N/A,1,0,https://brasilquiz.com/tecnica-em-enfermagem-morre-por-nao-haver-vaga-em-uti-de-hospital/,N/A
84,20/04/20,g5421d,homem forte do conar que atacou gusttavo lima é pai de tiago leifert,BrasilQuizNews,N/A,1,0,https://brasilquiz.com/homem-forte-do-conar-que-atacou-gusttavo-lima-e-pai-de-tiago-leifert/,N/A
85,20/04/20,g4zjwa,caixa ensina como destravar seu auxílio emergencial,BrasilQuizNews,N/A,1,0,https://brasilquiz.com/caixa-ensina-como-destravar-seu-auxilio-emergencial/,N/A
86,20/04/20,g4yjs0,a live do século evaristo e padre fábio de melo se enfrentam cara a cara pela primeira vez,BrasilQuizNews,N/A,1,0,https://brasilquiz.com/a-live-do-seculo-evaristo-e-padre-fabio-de-melo-se-enfrentam-cara-a-cara-pela-primeira-vez/,N/A
87,20/04/20,g4xc7d,bbb exmarido de ivy rasga o verbo e revela motivo do fim do casamento,BrasilQuizNews,N/A,1,0,https://brasilquiz.com/bbb20-ex-marido-de-ivy-rasga-o-verbo-e-revela-motivo-do-fim-do-casamento/,N/A
88,20/04/20,g4xc77,live da dupla henrique e juliano encerra com lema “brasil acima de tudo deus acima de todos”,BrasilQuizNews,N/A,1,0,https://brasilquiz.com/live-da-dupla-henrique-e-juliano-encerra-com-lema-brasil-acima-de-tudo-deus-acima-de-todos/,N/A
89,29/03/20,fr03ad,eles não aprenderam os mercados chineses ainda estão vendendo morcegos e abatendo coelhos no chão encharcado de sangue enquanto pequim comemora vitória sobre o coronavírus,Leandro_AB_,N/A,1,0,https://www.resumo.blog.br/2020/03/eles-nao-aprenderam-os-mercados.html,N/A
90,04/04/18,89nqfn,carioca faz declaração de amor e pede para mulher voltar,thiagoparrini,N/A,1,0,https://www.youtube.com/attribution_link?a=_S3AroOIcKg&u=%2Fwatch%3Fv%3DHsBROJrhl40%26feature%3Dshare,N/A
91,12/04/16,4eh3b4,maluf deixa lista pública de procurados pela interpol,leZuero,N/A,1,0,http://g1.globo.com/sao-paulo/noticia/2016/04/maluf-deixa-lista-publica-de-procurados-pela-interpol.html,N/A
92,01/04/16,4cwoh5,apple quer bipar palavrões e prn em músicas e audiobooks e isso é péssimo,eduardocl,N/A,1,0,http://meiobit.com/340103/apple-patente-metodo-censura-musicas-audiobooks-identificas-palavroes-conteudo-improprio-pr0n/,N/A
93,26/03/16,4c36xj,o stf obriga sergio moro a dizer o que ainda não disse senso incomum,leZuero,N/A,2,0,http://sensoincomum.org/2016/03/26/o-stf-obriga-sergio-moro-a-dizer-o-que-ainda-nao-disse/,N/A
94,05/03/16,49240x,o antagonista mais um delator acusa lula,leZuero,N/A,1,0,http://www.oantagonista.com/posts/mais-um-delator-acusa-lula-3ebc82d4-393b-44c6-9b93-30491f2e3430,N/A
95,05/03/16,4922ys,leia o despacho de sérgio moro determinando a condução coercitiva de lula,leZuero,N/A,1,0,http://jota.uol.com.br/leia-o-despacho-de-sergio-moro-determinando-a-conducao-coercitiva-de-lula,N/A
96,21/04/20,g5ild0,termina hoje o pagamento do “primeiro lote” auxílio emergencial para aqueles que se inscreveram do dia à,BrasilQuizNews,N/A,3,0,https://brasilquiz.com/termina-hoje-o-pagamento-do-primeiro-lote-auxilio-emergencial-para-aqueles-que-se-inscreveram-do-dia-7-a-10/,N/A
97,21/04/20,g5hhbl,mãe de isis helena afirma ter jogado o corpo da bebê no rio por que se desesperou ao perceber que a criança tinha morrido engasgada com leite,BrasilQuizNews,N/A,1,0,https://brasilquiz.com/mae-de-isis-helena-afirma-ter-jogado-o-corpo-da-bebe-no-rio-por-que-se-desesperou-ao-perceber-que-a-crianca-tinha-morrido-engasgada-com-leite/,N/A
98,21/04/20,g5hhb6,luciano huck ‘toca na ferida’ de bolsonaro mas sofre duro castigo,BrasilQuizNews,N/A,1,0,https://brasilquiz.com/luciano-huck-toca-na-ferida-de-bolsonaro-mas-sofre-duro-castigo/,N/A
99,21/04/20,g5gdt1,urgente avião cai e explode no brasil não sobrou nada,BrasilQuizNews,N/A,3,0,https://brasilquiz.com/urgente-aviao-cai-e-explode-no-brasil-nao-sobrou-nada/,N/A
100,21/04/20,g5gdst,carolina dieckmann celebra anos do filho com marcos frota e fãs reagem ‘a cara do pai’,BrasilQuizNews,N/A,1,0,https://brasilquiz.com/carolina-dieckmann-celebra-21-anos-do-filho-com-marcos-frota-e-fas-reagem-a-cara-do-pai/,N/A
101,21/04/20,g5gdsn,menino de anos trabalha sozinho para sustentar a família uma história de partir o coração,BrasilQuizNews,N/A,1,0,https://brasilquiz.com/menino-de-10-anos-trabalha-sozinho-para-sustentar-a-familia-uma-historia-de-partir-o-coracao/,N/A
102,21/04/20,g5fdb7,caso ísis helena jenifer confessa que tirou a vidinha de ísis descanse em paz anjinho,BrasilQuizNews,N/A,1,0,https://brasilquiz.com/caso-isis-helena-jenifer-confessa-que-tirou-a-vidinha-de-isis-descanse-em-paz-anjinho/,N/A
103,21/04/20,g5fday,alguns famosos que têm filhos e você nem sabia,BrasilQuizNews,N/A,1,0,https://brasilquiz.com/alguns-famosos-que-tem-filhos-e-voce-nem-sabia/,N/A
104,21/04/20,g5dn1j,vaza vídeo de diego alemão sendo algemado e colocado no camburão da pm,BrasilQuizNews,N/A,1,0,https://brasilquiz.com/vaza-video-de-diego-alemao-sendo-algemado-e-colocado-no-camburao-da-pm/,N/A
105,21/04/20,g5dn14,luto na música cantor morre após sofrer acidente doméstico,BrasilQuizNews,N/A,1,0,https://brasilquiz.com/luto-na-musica-cantor-morre-apos-sofrer-acidente-domestico/,N/A
106,21/04/20,g55zxj,homem é preso após querer caminhar na praia em pernambuco,BrasilQuizNews,N/A,1,0,https://brasilquiz.com/homem-e-preso-apos-querer-caminhar-na-praia-em-pernambuco/,N/A
107,21/04/20,g551kd,técnica em enfermagem morre por não haver vaga em uti de hospital,BrasilQuizNews,N/A,1,0,https://brasilquiz.com/tecnica-em-enfermagem-morre-por-nao-haver-vaga-em-uti-de-hospital/,N/A
108,20/04/20,g5421d,homem forte do conar que atacou gusttavo lima é pai de tiago leifert,BrasilQuizNews,N/A,1,0,https://brasilquiz.com/homem-forte-do-conar-que-atacou-gusttavo-lima-e-pai-de-tiago-leifert/,N/A
109,20/04/20,g4zjwa,caixa ensina como destravar seu auxílio emergencial,BrasilQuizNews,N/A,1,0,https://brasilquiz.com/caixa-ensina-como-destravar-seu-auxilio-emergencial/,N/A
110,20/04/20,g4yjs0,a live do século evaristo e padre fábio de melo se enfrentam cara a cara pela primeira vez,BrasilQuizNews,N/A,1,0,https://brasilquiz.com/a-live-do-seculo-evaristo-e-padre-fabio-de-melo-se-enfrentam-cara-a-cara-pela-primeira-vez/,N/A
111,20/04/20,g4xc7d,bbb exmarido de ivy rasga o verbo e revela motivo do fim do casamento,BrasilQuizNews,N/A,1,0,https://brasilquiz.com/bbb20-ex-marido-de-ivy-rasga-o-verbo-e-revela-motivo-do-fim-do-casamento/,N/A
112,20/04/20,g4xc77,live da dupla henrique e juliano encerra com lema “brasil acima de tudo deus acima de todos”,BrasilQuizNews,N/A,1,0,https://brasilquiz.com/live-da-dupla-henrique-e-juliano-encerra-com-lema-brasil-acima-de-tudo-deus-acima-de-todos/,N/A
113,29/03/20,fr03ad,eles não aprenderam os mercados chineses ainda estão vendendo morcegos e abatendo coelhos no chão encharcado de sangue enquanto pequim comemora vitória sobre o coronavírus,Leandro_AB_,N/A,1,0,https://www.resumo.blog.br/2020/03/eles-nao-aprenderam-os-mercados.html,N/A
114,04/04/18,89nqfn,carioca faz declaração de amor e pede para mulher voltar,thiagoparrini,N/A,1,0,https://www.youtube.com/attribution_link?a=_S3AroOIcKg&u=%2Fwatch%3Fv%3DHsBROJrhl40%26feature%3Dshare,N/A
115,12/04/16,4eh3b4,maluf deixa lista pública de procurados pela interpol,leZuero,N/A,1,0,http://g1.globo.com/sao-paulo/noticia/2016/04/maluf-deixa-lista-publica-de-procurados-pela-interpol.html,N/A
116,01/04/16,4cwoh5,apple quer bipar palavrões e prn em músicas e audiobooks e isso é péssimo,eduardocl,N/A,1,0,http://meiobit.com/340103/apple-patente-metodo-censura-musicas-audiobooks-identificas-palavroes-conteudo-improprio-pr0n/,N/A
117,26/03/16,4c36xj,o stf obriga sergio moro a dizer o que ainda não disse senso incomum,leZuero,N/A,2,0,http://sensoincomum.org/2016/03/26/o-stf-obriga-sergio-moro-a-dizer-o-que-ainda-nao-disse/,N/A
118,05/03/16,49240x,o antagonista mais um delator acusa lula,leZuero,N/A,1,0,http://www.oantagonista.com/posts/mais-um-delator-acusa-lula-3ebc82d4-393b-44c6-9b93-30491f2e3430,N/A
119,05/03/16,4922ys,leia o despacho de sérgio moro determinando a condução coercitiva de lula,leZuero,N/A,1,0,http://jota.uol.com.br/leia-o-despacho-de-sergio-moro-determinando-a-conducao-coercitiva-de-lula,N/A
120,21/04/20,g5ild0,termina hoje o pagamento do “primeiro lote” auxílio emergencial para aqueles que se inscreveram do dia à,BrasilQuizNews,N/A,3,0,https://brasilquiz.com/termina-hoje-o-pagamento-do-primeiro-lote-auxilio-emergencial-para-aqueles-que-se-inscreveram-do-dia-7-a-10/,N/A
121,21/04/20,g5hhbl,mãe de isis helena afirma ter jogado o corpo da bebê no rio por que se desesperou ao perceber que a criança tinha morrido engasgada com leite,BrasilQuizNews,N/A,1,0,https://brasilquiz.com/mae-de-isis-helena-afirma-ter-jogado-o-corpo-da-bebe-no-rio-por-que-se-desesperou-ao-perceber-que-a-crianca-tinha-morrido-engasgada-com-leite/,N/A
122,21/04/20,g5hhb6,luciano huck ‘toca na ferida’ de bolsonaro mas sofre duro castigo,BrasilQuizNews,N/A,1,0,https://brasilquiz.com/luciano-huck-toca-na-ferida-de-bolsonaro-mas-sofre-duro-castigo/,N/A
123,21/04/20,g5gdt1,urgente avião cai e explode no brasil não sobrou nada,BrasilQuizNews,N/A,3,0,https://brasilquiz.com/urgente-aviao-cai-e-explode-no-brasil-nao-sobrou-nada/,N/A
124,21/04/20,g5gdst,carolina dieckmann celebra anos do filho com marcos frota e fãs reagem ‘a cara do pai’,BrasilQuizNews,N/A,1,0,https://brasilquiz.com/carolina-dieckmann-celebra-21-anos-do-filho-com-marcos-frota-e-fas-reagem-a-cara-do-pai/,N/A
125,21/04/20,g5gdsn,menino de anos trabalha sozinho para sustentar a família uma história de partir o coração,BrasilQuizNews,N/A,1,0,https://brasilquiz.com/menino-de-10-anos-trabalha-sozinho-para-sustentar-a-familia-uma-historia-de-partir-o-coracao/,N/A
126,21/04/20,g5fdb7,caso ísis helena jenifer confessa que tirou a vidinha de ísis descanse em paz anjinho,BrasilQuizNews,N/A,1,0,https://brasilquiz.com/caso-isis-helena-jenifer-confessa-que-tirou-a-vidinha-de-isis-descanse-em-paz-anjinho/,N/A
127,21/04/20,g5fday,alguns famosos que têm filhos e você nem sabia,BrasilQuizNews,N/A,1,0,https://brasilquiz.com/alguns-famosos-que-tem-filhos-e-voce-nem-sabia/,N/A
128,21/04/20,g5dn1j,vaza vídeo de diego alemão sendo algemado e colocado no camburão da pm,BrasilQuizNews,N/A,1,0,https://brasilquiz.com/vaza-video-de-diego-alemao-sendo-algemado-e-colocado-no-camburao-da-pm/,N/A
129,21/04/20,g5dn14,luto na música cantor morre após sofrer acidente doméstico,BrasilQuizNews,N/A,1,0,https://brasilquiz.com/luto-na-musica-cantor-morre-apos-sofrer-acidente-domestico/,N/A
130,21/04/20,g55zxj,homem é preso após querer caminhar na praia em pernambuco,BrasilQuizNews,N/A,1,0,https://brasilquiz.com/homem-e-preso-apos-querer-caminhar-na-praia-em-pernambuco/,N/A
131,21/04/20,g551kd,técnica em enfermagem morre por não haver vaga em uti de hospital,BrasilQuizNews,N/A,1,0,https://brasilquiz.com/tecnica-em-enfermagem-morre-por-nao-haver-vaga-em-uti-de-hospital/,N/A
132,20/04/20,g5421d,homem forte do conar que atacou gusttavo lima é pai de tiago leifert,BrasilQuizNews,N/A,1,0,https://brasilquiz.com/homem-forte-do-conar-que-atacou-gusttavo-lima-e-pai-de-tiago-leifert/,N/A
133,20/04/20,g4zjwa,caixa ensina como destravar seu auxílio emergencial,BrasilQuizNews,N/A,1,0,https://brasilquiz.com/caixa-ensina-como-destravar-seu-auxilio-emergencial/,N/A
134,20/04/20,g4yjs0,a live do século evaristo e padre fábio de melo se enfrentam cara a cara pela primeira vez,BrasilQuizNews,N/A,1,0,https://brasilquiz.com/a-live-do-seculo-evaristo-e-padre-fabio-de-melo-se-enfrentam-cara-a-cara-pela-primeira-vez/,N/A
135,20/04/20,g4xc7d,bbb exmarido de ivy rasga o verbo e revela motivo do fim do casamento,BrasilQuizNews,N/A,1,0,https://brasilquiz.com/bbb20-ex-marido-de-ivy-rasga-o-verbo-e-revela-motivo-do-fim-do-casamento/,N/A
136,20/04/20,g4xc77,live da dupla henrique e juliano encerra com lema “brasil acima de tudo deus acima de todos”,BrasilQuizNews,N/A,1,0,https://brasilquiz.com/live-da-dupla-henrique-e-juliano-encerra-com-lema-brasil-acima-de-tudo-deus-acima-de-todos/,N/A
137,29/03/20,fr03ad,eles não aprenderam os mercados chineses ainda estão vendendo morcegos e abatendo coelhos no chão encharcado de sangue enquanto pequim comemora vitória sobre o coronavírus,Leandro_AB_,N/A,1,0,https://www.resumo.blog.br/2020/03/eles-nao-aprenderam-os-mercados.html,N/A
138,04/04/18,89nqfn,carioca faz declaração de amor e pede para mulher voltar,thiagoparrini,N/A,1,0,https://www.youtube.com/attribution_link?a=_S3AroOIcKg&u=%2Fwatch%3Fv%3DHsBROJrhl40%26feature%3Dshare,N/A
139,12/04/16,4eh3b4,maluf deixa lista pública de procurados pela interpol,leZuero,N/A,1,0,http://g1.globo.com/sao-paulo/noticia/2016/04/maluf-deixa-lista-publica-de-procurados-pela-interpol.html,N/A
140,01/04/16,4cwoh5,apple quer bipar palavrões e prn em músicas e audiobooks e isso é péssimo,eduardocl,N/A,1,0,http://meiobit.com/340103/apple-patente-metodo-censura-musicas-audiobooks-identificas-palavroes-conteudo-improprio-pr0n/,N/A
141,26/03/16,4c36xj,o stf obriga sergio moro a dizer o que ainda não disse senso incomum,leZuero,N/A,2,0,http://sensoincomum.org/2016/03/26/o-stf-obriga-sergio-moro-a-dizer-o-que-ainda-nao-disse/,N/A
142,05/03/16,49240x,o antagonista mais um delator acusa lula,leZuero,N/A,1,0,http://www.oantagonista.com/posts/mais-um-delator-acusa-lula-3ebc82d4-393b-44c6-9b93-30491f2e3430,N/A
143,05/03/16,4922ys,leia o despacho de sérgio moro determinando a condução coercitiva de lula,leZuero,N/A,1,0,http://jota.uol.com.br/leia-o-despacho-de-sergio-moro-determinando-a-conducao-coercitiva-de-lula,N/A
144,21/04/20,g5ild0,termina hoje o pagamento do “primeiro lote” auxílio emergencial para aqueles que se inscreveram do dia à,BrasilQuizNews,N/A,3,0,https://brasilquiz.com/termina-hoje-o-pagamento-do-primeiro-lote-auxilio-emergencial-para-aqueles-que-se-inscreveram-do-dia-7-a-10/,N/A
145,21/04/20,g5hhbl,mãe de isis helena afirma ter jogado o corpo da bebê no rio por que se desesperou ao perceber que a criança tinha morrido engasgada com leite,BrasilQuizNews,N/A,1,0,https://brasilquiz.com/mae-de-isis-helena-afirma-ter-jogado-o-corpo-da-bebe-no-rio-por-que-se-desesperou-ao-perceber-que-a-crianca-tinha-morrido-engasgada-com-leite/,N/A
146,21/04/20,g5hhb6,luciano huck ‘toca na ferida’ de bolsonaro mas sofre duro castigo,BrasilQuizNews,N/A,1,0,https://brasilquiz.com/luciano-huck-toca-na-ferida-de-bolsonaro-mas-sofre-duro-castigo/,N/A
147,21/04/20,g5gdt1,urgente avião cai e explode no brasil não sobrou nada,BrasilQuizNews,N/A,3,0,https://brasilquiz.com/urgente-aviao-cai-e-explode-no-brasil-nao-sobrou-nada/,N/A
148,21/04/20,g5gdst,carolina dieckmann celebra anos do filho com marcos frota e fãs reagem ‘a cara do pai’,BrasilQuizNews,N/A,1,0,https://brasilquiz.com/carolina-dieckmann-celebra-21-anos-do-filho-com-marcos-frota-e-fas-reagem-a-cara-do-pai/,N/A
149,21/04/20,g5gdsn,menino de anos trabalha sozinho para sustentar a família uma história de partir o coração,BrasilQuizNews,N/A,1,0,https://brasilquiz.com/menino-de-10-anos-trabalha-sozinho-para-sustentar-a-familia-uma-historia-de-partir-o-coracao/,N/A
150,21/04/20,g5fdb7,caso ísis helena jenifer confessa que tirou a vidinha de ísis descanse em paz anjinho,BrasilQuizNews,N/A,1,0,https://brasilquiz.com/caso-isis-helena-jenifer-confessa-que-tirou-a-vidinha-de-isis-descanse-em-paz-anjinho/,N/A
151,21/04/20,g5fday,alguns famosos que têm filhos e você nem sabia,BrasilQuizNews,N/A,1,0,https://brasilquiz.com/alguns-famosos-que-tem-filhos-e-voce-nem-sabia/,N/A
152,21/04/20,g5dn1j,vaza vídeo de diego alemão sendo algemado e colocado no camburão da pm,BrasilQuizNews,N/A,1,0,https://brasilquiz.com/vaza-video-de-diego-alemao-sendo-algemado-e-colocado-no-camburao-da-pm/,N/A
153,21/04/20,g5dn14,luto na música cantor morre após sofrer acidente doméstico,BrasilQuizNews,N/A,1,0,https://brasilquiz.com/luto-na-musica-cantor-morre-apos-sofrer-acidente-domestico/,N/A
154,21/04/20,g55zxj,homem é preso após querer caminhar na praia em pernambuco,BrasilQuizNews,N/A,1,0,https://brasilquiz.com/homem-e-preso-apos-querer-caminhar-na-praia-em-pernambuco/,N/A
155,21/04/20,g551kd,técnica em enfermagem morre por não haver vaga em uti de hospital,BrasilQuizNews,N/A,1,0,https://brasilquiz.com/tecnica-em-enfermagem-morre-por-nao-haver-vaga-em-uti-de-hospital/,N/A
156,20/04/20,g5421d,homem forte do conar que atacou gusttavo lima é pai de tiago leifert,BrasilQuizNews,N/A,1,0,https://brasilquiz.com/homem-forte-do-conar-que-atacou-gusttavo-lima-e-pai-de-tiago-leifert/,N/A
157,20/04/20,g4zjwa,caixa ensina como destravar seu auxílio emergencial,BrasilQuizNews,N/A,1,0,https://brasilquiz.com/caixa-ensina-como-destravar-seu-auxilio-emergencial/,N/A
158,20/04/20,g4yjs0,a live do século evaristo e padre fábio de melo se enfrentam cara a cara pela primeira vez,BrasilQuizNews,N/A,1,0,https://brasilquiz.com/a-live-do-seculo-evaristo-e-padre-fabio-de-melo-se-enfrentam-cara-a-cara-pela-primeira-vez/,N/A
159,20/04/20,g4xc7d,bbb exmarido de ivy rasga o verbo e revela motivo do fim do casamento,BrasilQuizNews,N/A,1,0,https://brasilquiz.com/bbb20-ex-marido-de-ivy-rasga-o-verbo-e-revela-motivo-do-fim-do-casamento/,N/A
160,20/04/20,g4xc77,live da dupla henrique e juliano encerra com lema “brasil acima de tudo deus acima de todos”,BrasilQuizNews,N/A,1,0,https://brasilquiz.com/live-da-dupla-henrique-e-juliano-encerra-com-lema-brasil-acima-de-tudo-deus-acima-de-todos/,N/A
161,29/03/20,fr03ad,eles não aprenderam os mercados chineses ainda estão vendendo morcegos e abatendo coelhos no chão encharcado de sangue enquanto pequim comemora vitória sobre o coronavírus,Leandro_AB_,N/A,1,0,https://www.resumo.blog.br/2020/03/eles-nao-aprenderam-os-mercados.html,N/A
162,04/04/18,89nqfn,carioca faz declaração de amor e pede para mulher voltar,thiagoparrini,N/A,1,0,https://www.youtube.com/attribution_link?a=_S3AroOIcKg&u=%2Fwatch%3Fv%3DHsBROJrhl40%26feature%3Dshare,N/A
163,12/04/16,4eh3b4,maluf deixa lista pública de procurados pela interpol,leZuero,N/A,1,0,http://g1.globo.com/sao-paulo/noticia/2016/04/maluf-deixa-lista-publica-de-procurados-pela-interpol.html,N/A
164,01/04/16,4cwoh5,apple quer bipar palavrões e prn em músicas e audiobooks e isso é péssimo,eduardocl,N/A,1,0,http://meiobit.com/340103/apple-patente-metodo-censura-musicas-audiobooks-identificas-palavroes-conteudo-improprio-pr0n/,N/A
165,26/03/16,4c36xj,o stf obriga sergio moro a dizer o que ainda não disse senso incomum,leZuero,N/A,2,0,http://sensoincomum.org/2016/03/26/o-stf-obriga-sergio-moro-a-dizer-o-que-ainda-nao-disse/,N/A
166,05/03/16,49240x,o antagonista mais um delator acusa lula,leZuero,N/A,1,0,http://www.oantagonista.com/posts/mais-um-delator-acusa-lula-3ebc82d4-393b-44c6-9b93-30491f2e3430,N/A
167,05/03/16,4922ys,leia o despacho de sérgio moro determinando a condução coercitiva de lula,leZuero,N/A,1,0,http://jota.uol.com.br/leia-o-despacho-de-sergio-moro-determinando-a-conducao-coercitiva-de-lula,N/A
168,21/04/20,g5ild0,termina hoje o pagamento do “primeiro lote” auxílio emergencial para aqueles que se inscreveram do dia à,BrasilQuizNews,N/A,3,0,https://brasilquiz.com/termina-hoje-o-pagamento-do-primeiro-lote-auxilio-emergencial-para-aqueles-que-se-inscreveram-do-dia-7-a-10/,N/A
169,21/04/20,g5hhbl,mãe de isis helena afirma ter jogado o corpo da bebê no rio por que se desesperou ao perceber que a criança tinha morrido engasgada com leite,BrasilQuizNews,N/A,1,0,https://brasilquiz.com/mae-de-isis-helena-afirma-ter-jogado-o-corpo-da-bebe-no-rio-por-que-se-desesperou-ao-perceber-que-a-crianca-tinha-morrido-engasgada-com-leite/,N/A
170,21/04/20,g5hhb6,luciano huck ‘toca na ferida’ de bolsonaro mas sofre duro castigo,BrasilQuizNews,N/A,1,0,https://brasilquiz.com/luciano-huck-toca-na-ferida-de-bolsonaro-mas-sofre-duro-castigo/,N/A
171,21/04/20,g5gdt1,urgente avião cai e explode no brasil não sobrou nada,BrasilQuizNews,N/A,3,0,https://brasilquiz.com/urgente-aviao-cai-e-explode-no-brasil-nao-sobrou-nada/,N/A
172,21/04/20,g5gdst,carolina dieckmann celebra anos do filho com marcos frota e fãs reagem ‘a cara do pai’,BrasilQuizNews,N/A,1,0,https://brasilquiz.com/carolina-dieckmann-celebra-21-anos-do-filho-com-marcos-frota-e-fas-reagem-a-cara-do-pai/,N/A
173,21/04/20,g5gdsn,menino de anos trabalha sozinho para sustentar a família uma história de partir o coração,BrasilQuizNews,N/A,1,0,https://brasilquiz.com/menino-de-10-anos-trabalha-sozinho-para-sustentar-a-familia-uma-historia-de-partir-o-coracao/,N/A
174,21/04/20,g5fdb7,caso ísis helena jenifer confessa que tirou a vidinha de ísis descanse em paz anjinho,BrasilQuizNews,N/A,1,0,https://brasilquiz.com/caso-isis-helena-jenifer-confessa-que-tirou-a-vidinha-de-isis-descanse-em-paz-anjinho/,N/A
175,21/04/20,g5fday,alguns famosos que têm filhos e você nem sabia,BrasilQuizNews,N/A,1,0,https://brasilquiz.com/alguns-famosos-que-tem-filhos-e-voce-nem-sabia/,N/A
176,21/04/20,g5dn1j,vaza vídeo de diego alemão sendo algemado e colocado no camburão da pm,BrasilQuizNews,N/A,1,0,https://brasilquiz.com/vaza-video-de-diego-alemao-sendo-algemado-e-colocado-no-camburao-da-pm/,N/A
177,21/04/20,g5dn14,luto na música cantor morre após sofrer acidente doméstico,BrasilQuizNews,N/A,1,0,https://brasilquiz.com/luto-na-musica-cantor-morre-apos-sofrer-acidente-domestico/,N/A
178,21/04/20,g55zxj,homem é preso após querer caminhar na praia em pernambuco,BrasilQuizNews,N/A,1,0,https://brasilquiz.com/homem-e-preso-apos-querer-caminhar-na-praia-em-pernambuco/,N/A
179,21/04/20,g551kd,técnica em enfermagem morre por não haver vaga em uti de hospital,BrasilQuizNews,N/A,1,0,https://brasilquiz.com/tecnica-em-enfermagem-morre-por-nao-haver-vaga-em-uti-de-hospital/,N/A
180,20/04/20,g5421d,homem forte do conar que atacou gusttavo lima é pai de tiago leifert,BrasilQuizNews,N/A,1,0,https://brasilquiz.com/homem-forte-do-conar-que-atacou-gusttavo-lima-e-pai-de-tiago-leifert/,N/A
181,20/04/20,g4zjwa,caixa ensina como destravar seu auxílio emergencial,BrasilQuizNews,N/A,1,0,https://brasilquiz.com/caixa-ensina-como-destravar-seu-auxilio-emergencial/,N/A
182,20/04/20,g4yjs0,a live do século evaristo e padre fábio de melo se enfrentam cara a cara pela primeira vez,BrasilQuizNews,N/A,1,0,https://brasilquiz.com/a-live-do-seculo-evaristo-e-padre-fabio-de-melo-se-enfrentam-cara-a-cara-pela-primeira-vez/,N/A
183,20/04/20,g4xc7d,bbb exmarido de ivy rasga o verbo e revela motivo do fim do casamento,BrasilQuizNews,N/A,1,0,https://brasilquiz.com/bbb20-ex-marido-de-ivy-rasga-o-verbo-e-revela-motivo-do-fim-do-casamento/,N/A
184,20/04/20,g4xc77,live da dupla henrique e juliano encerra com lema “brasil acima de tudo deus acima de todos”,BrasilQuizNews,N/A,1,0,https://brasilquiz.com/live-da-dupla-henrique-e-juliano-encerra-com-lema-brasil-acima-de-tudo-deus-acima-de-todos/,N/A
185,29/03/20,fr03ad,eles não aprenderam os mercados chineses ainda estão vendendo morcegos e abatendo coelhos no chão encharcado de sangue enquanto pequim comemora vitória sobre o coronavírus,Leandro_AB_,N/A,1,0,https://www.resumo.blog.br/2020/03/eles-nao-aprenderam-os-mercados.html,N/A
186,04/04/18,89nqfn,carioca faz declaração de amor e pede para mulher voltar,thiagoparrini,N/A,1,0,https://www.youtube.com/attribution_link?a=_S3AroOIcKg&u=%2Fwatch%3Fv%3DHsBROJrhl40%26feature%3Dshare,N/A
187,12/04/16,4eh3b4,maluf deixa lista pública de procurados pela interpol,leZuero,N/A,1,0,http://g1.globo.com/sao-paulo/noticia/2016/04/maluf-deixa-lista-publica-de-procurados-pela-interpol.html,N/A
188,01/04/16,4cwoh5,apple quer bipar palavrões e prn em músicas e audiobooks e isso é péssimo,eduardocl,N/A,1,0,http://meiobit.com/340103/apple-patente-metodo-censura-musicas-audiobooks-identificas-palavroes-conteudo-improprio-pr0n/,N/A
189,26/03/16,4c36xj,o stf obriga sergio moro a dizer o que ainda não disse senso incomum,leZuero,N/A,2,0,http://sensoincomum.org/2016/03/26/o-stf-obriga-sergio-moro-a-dizer-o-que-ainda-nao-disse/,N/A
190,05/03/16,49240x,o antagonista mais um delator acusa lula,leZuero,N/A,1,0,http://www.oantagonista.com/posts/mais-um-delator-acusa-lula-3ebc82d4-393b-44c6-9b93-30491f2e3430,N/A
191,05/03/16,4922ys,leia o despacho de sérgio moro determinando a condução coercitiva de lula,leZuero,N/A,1,0,http://jota.uol.com.br/leia-o-despacho-de-sergio-moro-determinando-a-conducao-coercitiva-de-lula,N/A
192,21/04/20,g5ild0,termina hoje o pagamento do “primeiro lote” auxílio emergencial para aqueles que se inscreveram do dia à,BrasilQuizNews,N/A,3,0,https://brasilquiz.com/termina-hoje-o-pagamento-do-primeiro-lote-auxilio-emergencial-para-aqueles-que-se-inscreveram-do-dia-7-a-10/,N/A
193,21/04/20,g5hhbl,mãe de isis helena afirma ter jogado o corpo da bebê no rio por que se desesperou ao perceber que a criança tinha morrido engasgada com leite,BrasilQuizNews,N/A,1,0,https://brasilquiz.com/mae-de-isis-helena-afirma-ter-jogado-o-corpo-da-bebe-no-rio-por-que-se-desesperou-ao-perceber-que-a-crianca-tinha-morrido-engasgada-com-leite/,N/A
194,21/04/20,g5hhb6,luciano huck ‘toca na ferida’ de bolsonaro mas sofre duro castigo,BrasilQuizNews,N/A,1,0,https://brasilquiz.com/luciano-huck-toca-na-ferida-de-bolsonaro-mas-sofre-duro-castigo/,N/A
195,21/04/20,g5gdt1,urgente avião cai e explode no brasil não sobrou nada,BrasilQuizNews,N/A,3,0,https://brasilquiz.com/urgente-aviao-cai-e-explode-no-brasil-nao-sobrou-nada/,N/A
196,21/04/20,g5gdst,carolina dieckmann celebra anos do filho com marcos frota e fãs reagem ‘a cara do pai’,BrasilQuizNews,N/A,1,0,https://brasilquiz.com/carolina-dieckmann-celebra-21-anos-do-filho-com-marcos-frota-e-fas-reagem-a-cara-do-pai/,N/A
197,21/04/20,g5gdsn,menino de anos trabalha sozinho para sustentar a família uma história de partir o coração,BrasilQuizNews,N/A,1,0,https://brasilquiz.com/menino-de-10-anos-trabalha-sozinho-para-sustentar-a-familia-uma-historia-de-partir-o-coracao/,N/A
198,21/04/20,g5fdb7,caso ísis helena jenifer confessa que tirou a vidinha de ísis descanse em paz anjinho,BrasilQuizNews,N/A,1,0,https://brasilquiz.com/caso-isis-helena-jenifer-confessa-que-tirou-a-vidinha-de-isis-descanse-em-paz-anjinho/,N/A
199,21/04/20,g5fday,alguns famosos que têm filhos e você nem sabia,BrasilQuizNews,N/A,1,0,https://brasilquiz.com/alguns-famosos-que-tem-filhos-e-voce-nem-sabia/,N/A
200,21/04/20,g5dn1j,vaza vídeo de diego alemão sendo algemado e colocado no camburão da pm,BrasilQuizNews,N/A,1,0,https://brasilquiz.com/vaza-video-de-diego-alemao-sendo-algemado-e-colocado-no-camburao-da-pm/,N/A
201,21/04/20,g5dn14,luto na música cantor morre após sofrer acidente doméstico,BrasilQuizNews,N/A,1,0,https://brasilquiz.com/luto-na-musica-cantor-morre-apos-sofrer-acidente-domestico/,N/A
202,21/04/20,g55zxj,homem é preso após querer caminhar na praia em pernambuco,BrasilQuizNews,N/A,1,0,https://brasilquiz.com/homem-e-preso-apos-querer-caminhar-na-praia-em-pernambuco/,N/A
203,21/04/20,g551kd,técnica em enfermagem morre por não haver vaga em uti de hospital,BrasilQuizNews,N/A,1,0,https://brasilquiz.com/tecnica-em-enfermagem-morre-por-nao-haver-vaga-em-uti-de-hospital/,N/A
204,20/04/20,g5421d,homem forte do conar que atacou gusttavo lima é pai de tiago leifert,BrasilQuizNews,N/A,1,0,https://brasilquiz.com/homem-forte-do-conar-que-atacou-gusttavo-lima-e-pai-de-tiago-leifert/,N/A
205,20/04/20,g4zjwa,caixa ensina como destravar seu auxílio emergencial,BrasilQuizNews,N/A,1,0,https://brasilquiz.com/caixa-ensina-como-destravar-seu-auxilio-emergencial/,N/A
206,20/04/20,g4yjs0,a live do século evaristo e padre fábio de melo se enfrentam cara a cara pela primeira vez,BrasilQuizNews,N/A,1,0,https://brasilquiz.com/a-live-do-seculo-evaristo-e-padre-fabio-de-melo-se-enfrentam-cara-a-cara-pela-primeira-vez/,N/A
207,20/04/20,g4xc7d,bbb exmarido de ivy rasga o verbo e revela motivo do fim do casamento,BrasilQuizNews,N/A,1,0,https://brasilquiz.com/bbb20-ex-marido-de-ivy-rasga-o-verbo-e-revela-motivo-do-fim-do-casamento/,N/A
208,20/04/20,g4xc77,live da dupla henrique e juliano encerra com lema “brasil acima de tudo deus acima de todos”,BrasilQuizNews,N/A,1,0,https://brasilquiz.com/live-da-dupla-henrique-e-juliano-encerra-com-lema-brasil-acima-de-tudo-deus-acima-de-todos/,N/A
209,29/03/20,fr03ad,eles não aprenderam os mercados chineses ainda estão vendendo morcegos e abatendo coelhos no chão encharcado de sangue enquanto pequim comemora vitória sobre o coronavírus,Leandro_AB_,N/A,1,0,https://www.resumo.blog.br/2020/03/eles-nao-aprenderam-os-mercados.html,N/A
210,04/04/18,89nqfn,carioca faz declaração de amor e pede para mulher voltar,thiagoparrini,N/A,1,0,https://www.youtube.com/attribution_link?a=_S3AroOIcKg&u=%2Fwatch%3Fv%3DHsBROJrhl40%26feature%3Dshare,N/A
211,12/04/16,4eh3b4,maluf deixa lista pública de procurados pela interpol,leZuero,N/A,1,0,http://g1.globo.com/sao-paulo/noticia/2016/04/maluf-deixa-lista-publica-de-procurados-pela-interpol.html,N/A
212,01/04/16,4cwoh5,apple quer bipar palavrões e prn em músicas e audiobooks e isso é péssimo,eduardocl,N/A,1,0,http://meiobit.com/340103/apple-patente-metodo-censura-musicas-audiobooks-identificas-palavroes-conteudo-improprio-pr0n/,N/A
213,26/03/16,4c36xj,o stf obriga sergio moro a dizer o que ainda não disse senso incomum,leZuero,N/A,2,0,http://sensoincomum.org/2016/03/26/o-stf-obriga-sergio-moro-a-dizer-o-que-ainda-nao-disse/,N/A
214,05/03/16,49240x,o antagonista mais um delator acusa lula,leZuero,N/A,1,0,http://www.oantagonista.com/posts/mais-um-delator-acusa-lula-3ebc82d4-393b-44c6-9b93-30491f2e3430,N/A
215,05/03/16,4922ys,leia o despacho de sérgio moro determinando a condução coercitiva de lula,leZuero,N/A,1,0,http://jota.uol.com.br/leia-o-despacho-de-sergio-moro-determinando-a-conducao-coercitiva-de-lula,N/A
216,21/04/20,g5ild0,termina hoje o pagamento do “primeiro lote” auxílio emergencial para aqueles que se inscreveram do dia à,BrasilQuizNews,N/A,3,0,https://brasilquiz.com/termina-hoje-o-pagamento-do-primeiro-lote-auxilio-emergencial-para-aqueles-que-se-inscreveram-do-dia-7-a-10/,N/A
217,21/04/20,g5hhbl,mãe de isis helena afirma ter jogado o corpo da bebê no rio por que se desesperou ao perceber que a criança tinha morrido engasgada com leite,BrasilQuizNews,N/A,1,0,https://brasilquiz.com/mae-de-isis-helena-afirma-ter-jogado-o-corpo-da-bebe-no-rio-por-que-se-desesperou-ao-perceber-que-a-crianca-tinha-morrido-engasgada-com-leite/,N/A
218,21/04/20,g5hhb6,luciano huck ‘toca na ferida’ de bolsonaro mas sofre duro castigo,BrasilQuizNews,N/A,1,0,https://brasilquiz.com/luciano-huck-toca-na-ferida-de-bolsonaro-mas-sofre-duro-castigo/,N/A
219,21/04/20,g5gdt1,urgente avião cai e explode no brasil não sobrou nada,BrasilQuizNews,N/A,3,0,https://brasilquiz.com/urgente-aviao-cai-e-explode-no-brasil-nao-sobrou-nada/,N/A
220,21/04/20,g5gdst,carolina dieckmann celebra anos do filho com marcos frota e fãs reagem ‘a cara do pai’,BrasilQuizNews,N/A,1,0,https://brasilquiz.com/carolina-dieckmann-celebra-21-anos-do-filho-com-marcos-frota-e-fas-reagem-a-cara-do-pai/,N/A
221,21/04/20,g5gdsn,menino de anos trabalha sozinho para sustentar a família uma história de partir o coração,BrasilQuizNews,N/A,1,0,https://brasilquiz.com/menino-de-10-anos-trabalha-sozinho-para-sustentar-a-familia-uma-historia-de-partir-o-coracao/,N/A
222,21/04/20,g5fdb7,caso ísis helena jenifer confessa que tirou a vidinha de ísis descanse em paz anjinho,BrasilQuizNews,N/A,1,0,https://brasilquiz.com/caso-isis-helena-jenifer-confessa-que-tirou-a-vidinha-de-isis-descanse-em-paz-anjinho/,N/A
223,21/04/20,g5fday,alguns famosos que têm filhos e você nem sabia,BrasilQuizNews,N/A,1,0,https://brasilquiz.com/alguns-famosos-que-tem-filhos-e-voce-nem-sabia/,N/A
224,21/04/20,g5dn1j,vaza vídeo de diego alemão sendo algemado e colocado no camburão da pm,BrasilQuizNews,N/A,1,0,https://brasilquiz.com/vaza-video-de-diego-alemao-sendo-algemado-e-colocado-no-camburao-da-pm/,N/A
225,21/04/20,g5dn14,luto na música cantor morre após sofrer acidente doméstico,BrasilQuizNews,N/A,1,0,https://brasilquiz.com/luto-na-musica-cantor-morre-apos-sofrer-acidente-domestico/,N/A
226,21/04/20,g55zxj,homem é preso após querer caminhar na praia em pernambuco,BrasilQuizNews,N/A,1,0,https://brasilquiz.com/homem-e-preso-apos-querer-caminhar-na-praia-em-pernambuco/,N/A
227,21/04/20,g551kd,técnica em enfermagem morre por não haver vaga em uti de hospital,BrasilQuizNews,N/A,1,0,https://brasilquiz.com/tecnica-em-enfermagem-morre-por-nao-haver-vaga-em-uti-de-hospital/,N/A
228,20/04/20,g5421d,homem forte do conar que atacou gusttavo lima é pai de tiago leifert,BrasilQuizNews,N/A,1,0,https://brasilquiz.com/homem-forte-do-conar-que-atacou-gusttavo-lima-e-pai-de-tiago-leifert/,N/A
229,20/04/20,g4zjwa,caixa ensina como destravar seu auxílio emergencial,BrasilQuizNews,N/A,1,0,https://brasilquiz.com/caixa-ensina-como-destravar-seu-auxilio-emergencial/,N/A
230,20/04/20,g4yjs0,a live do século evaristo e padre fábio de melo se enfrentam cara a cara pela primeira vez,BrasilQuizNews,N/A,1,0,https://brasilquiz.com/a-live-do-seculo-evaristo-e-padre-fabio-de-melo-se-enfrentam-cara-a-cara-pela-primeira-vez/,N/A
231,20/04/20,g4xc7d,bbb exmarido de ivy rasga o verbo e revela motivo do fim do casamento,BrasilQuizNews,N/A,1,0,https://brasilquiz.com/bbb20-ex-marido-de-ivy-rasga-o-verbo-e-revela-motivo-do-fim-do-casamento/,N/A
232,20/04/20,g4xc77,live da dupla henrique e juliano encerra com lema “brasil acima de tudo deus acima de todos”,BrasilQuizNews,N/A,1,0,https://brasilquiz.com/live-da-dupla-henrique-e-juliano-encerra-com-lema-brasil-acima-de-tudo-deus-acima-de-todos/,N/A
233,29/03/20,fr03ad,eles não aprenderam os mercados chineses ainda estão vendendo morcegos e abatendo coelhos no chão encharcado de sangue enquanto pequim comemora vitória sobre o coronavírus,Leandro_AB_,N/A,1,0,https://www.resumo.blog.br/2020/03/eles-nao-aprenderam-os-mercados.html,N/A
234,04/04/18,89nqfn,carioca faz declaração de amor e pede para mulher voltar,thiagoparrini,N/A,1,0,https://www.youtube.com/attribution_link?a=_S3AroOIcKg&u=%2Fwatch%3Fv%3DHsBROJrhl40%26feature%3Dshare,N/A
235,12/04/16,4eh3b4,maluf deixa lista pública de procurados pela interpol,leZuero,N/A,1,0,http://g1.globo.com/sao-paulo/noticia/2016/04/maluf-deixa-lista-publica-de-procurados-pela-interpol.html,N/A
236,01/04/16,4cwoh5,apple quer bipar palavrões e prn em músicas e audiobooks e isso é péssimo,eduardocl,N/A,1,0,http://meiobit.com/340103/apple-patente-metodo-censura-musicas-audiobooks-identificas-palavroes-conteudo-improprio-pr0n/,N/A
237,26/03/16,4c36xj,o stf obriga sergio moro a dizer o que ainda não disse senso incomum,leZuero,N/A,2,0,http://sensoincomum.org/2016/03/26/o-stf-obriga-sergio-moro-a-dizer-o-que-ainda-nao-disse/,N/A
238,05/03/16,49240x,o antagonista mais um delator acusa lula,leZuero,N/A,1,0,http://www.oantagonista.com/posts/mais-um-delator-acusa-lula-3ebc82d4-393b-44c6-9b93-30491f2e3430,N/A
239,05/03/16,4922ys,leia o despacho de sérgio moro determinando a condução coercitiva de lula,leZuero,N/A,1,0,http://jota.uol.com.br/leia-o-despacho-de-sergio-moro-determinando-a-conducao-coercitiva-de-lula,N/A
240,21/04/20,g5ild0,termina hoje o pagamento do “primeiro lote” auxílio emergencial para aqueles que se inscreveram do dia à,BrasilQuizNews,N/A,3,0,https://brasilquiz.com/termina-hoje-o-pagamento-do-primeiro-lote-auxilio-emergencial-para-aqueles-que-se-inscreveram-do-dia-7-a-10/,N/A
241,21/04/20,g5hhbl,mãe de isis helena afirma ter jogado o corpo da bebê no rio por que se desesperou ao perceber que a criança tinha morrido engasgada com leite,BrasilQuizNews,N/A,1,0,https://brasilquiz.com/mae-de-isis-helena-afirma-ter-jogado-o-corpo-da-bebe-no-rio-por-que-se-desesperou-ao-perceber-que-a-crianca-tinha-morrido-engasgada-com-leite/,N/A
242,21/04/20,g5hhb6,luciano huck ‘toca na ferida’ de bolsonaro mas sofre duro castigo,BrasilQuizNews,N/A,1,0,https://brasilquiz.com/luciano-huck-toca-na-ferida-de-bolsonaro-mas-sofre-duro-castigo/,N/A
243,21/04/20,g5gdt1,urgente avião cai e explode no brasil não sobrou nada,BrasilQuizNews,N/A,3,0,https://brasilquiz.com/urgente-aviao-cai-e-explode-no-brasil-nao-sobrou-nada/,N/A
244,21/04/20,g5gdst,carolina dieckmann celebra anos do filho com marcos frota e fãs reagem ‘a cara do pai’,BrasilQuizNews,N/A,1,0,https://brasilquiz.com/carolina-dieckmann-celebra-21-anos-do-filho-com-marcos-frota-e-fas-reagem-a-cara-do-pai/,N/A
245,21/04/20,g5gdsn,menino de anos trabalha sozinho para sustentar a família uma história de partir o coração,BrasilQuizNews,N/A,1,0,https://brasilquiz.com/menino-de-10-anos-trabalha-sozinho-para-sustentar-a-familia-uma-historia-de-partir-o-coracao/,N/A
246,21/04/20,g5fdb7,caso ísis helena jenifer confessa que tirou a vidinha de ísis descanse em paz anjinho,BrasilQuizNews,N/A,1,0,https://brasilquiz.com/caso-isis-helena-jenifer-confessa-que-tirou-a-vidinha-de-isis-descanse-em-paz-anjinho/,N/A
247,21/04/20,g5fday,alguns famosos que têm filhos e você nem sabia,BrasilQuizNews,N/A,1,0,https://brasilquiz.com/alguns-famosos-que-tem-filhos-e-voce-nem-sabia/,N/A
248,21/04/20,g5dn1j,vaza vídeo de diego alemão sendo algemado e colocado no camburão da pm,BrasilQuizNews,N/A,1,0,https://brasilquiz.com/vaza-video-de-diego-alemao-sendo-algemado-e-colocado-no-camburao-da-pm/,N/A
249,21/04/20,g5dn14,luto na música cantor morre após sofrer acidente doméstico,BrasilQuizNews,N/A,1,0,https://brasilquiz.com/luto-na-musica-cantor-morre-apos-sofrer-acidente-domestico/,N/A
250,21/04/20,g55zxj,homem é preso após querer caminhar na praia em pernambuco,BrasilQuizNews,N/A,1,0,https://brasilquiz.com/homem-e-preso-apos-querer-caminhar-na-praia-em-pernambuco/,N/A
251,21/04/20,g551kd,técnica em enfermagem morre por não haver vaga em uti de hospital,BrasilQuizNews,N/A,1,0,https://brasilquiz.com/tecnica-em-enfermagem-morre-por-nao-haver-vaga-em-uti-de-hospital/,N/A
252,20/04/20,g5421d,homem forte do conar que atacou gusttavo lima é pai de tiago leifert,BrasilQuizNews,N/A,1,0,https://brasilquiz.com/homem-forte-do-conar-que-atacou-gusttavo-lima-e-pai-de-tiago-leifert/,N/A
253,20/04/20,g4zjwa,caixa ensina como destravar seu auxílio emergencial,BrasilQuizNews,N/A,1,0,https://brasilquiz.com/caixa-ensina-como-destravar-seu-auxilio-emergencial/,N/A
254,20/04/20,g4yjs0,a live do século evaristo e padre fábio de melo se enfrentam cara a cara pela primeira vez,BrasilQuizNews,N/A,1,0,https://brasilquiz.com/a-live-do-seculo-evaristo-e-padre-fabio-de-melo-se-enfrentam-cara-a-cara-pela-primeira-vez/,N/A
255,20/04/20,g4xc7d,bbb exmarido de ivy rasga o verbo e revela motivo do fim do casamento,BrasilQuizNews,N/A,1,0,https://brasilquiz.com/bbb20-ex-marido-de-ivy-rasga-o-verbo-e-revela-motivo-do-fim-do-casamento/,N/A
256,20/04/20,g4xc77,live da dupla henrique e juliano encerra com lema “brasil acima de tudo deus acima de todos”,BrasilQuizNews,N/A,1,0,https://brasilquiz.com/live-da-dupla-henrique-e-juliano-encerra-com-lema-brasil-acima-de-tudo-deus-acima-de-todos/,N/A
257,29/03/20,fr03ad,eles não aprenderam os mercados chineses ainda estão vendendo morcegos e abatendo coelhos no chão encharcado de sangue enquanto pequim comemora vitória sobre o coronavírus,Leandro_AB_,N/A,1,0,https://www.resumo.blog.br/2020/03/eles-nao-aprenderam-os-mercados.html,N/A
258,04/04/18,89nqfn,carioca faz declaração de amor e pede para mulher voltar,thiagoparrini,N/A,1,0,https://www.youtube.com/attribution_link?a=_S3AroOIcKg&u=%2Fwatch%3Fv%3DHsBROJrhl40%26feature%3Dshare,N/A
259,12/04/16,4eh3b4,maluf deixa lista pública de procurados pela interpol,leZuero,N/A,1,0,http://g1.globo.com/sao-paulo/noticia/2016/04/maluf-deixa-lista-publica-de-procurados-pela-interpol.html,N/A
260,01/04/16,4cwoh5,apple quer bipar palavrões e prn em músicas e audiobooks e isso é péssimo,eduardocl,N/A,1,0,http://meiobit.com/340103/apple-patente-metodo-censura-musicas-audiobooks-identificas-palavroes-conteudo-improprio-pr0n/,N/A
261,26/03/16,4c36xj,o stf obriga sergio moro a dizer o que ainda não disse senso incomum,leZuero,N/A,2,0,http://sensoincomum.org/2016/03/26/o-stf-obriga-sergio-moro-a-dizer-o-que-ainda-nao-disse/,N/A
262,05/03/16,49240x,o antagonista mais um delator acusa lula,leZuero,N/A,1,0,http://www.oantagonista.com/posts/mais-um-delator-acusa-lula-3ebc82d4-393b-44c6-9b93-30491f2e3430,N/A
263,05/03/16,4922ys,leia o despacho de sérgio moro determinando a condução coercitiva de lula,leZuero,N/A,1,0,http://jota.uol.com.br/leia-o-despacho-de-sergio-moro-determinando-a-conducao-coercitiva-de-lula,N/A
264,21/04/20,g5ild0,termina hoje o pagamento do “primeiro lote” auxílio emergencial para aqueles que se inscreveram do dia à,BrasilQuizNews,N/A,3,0,https://brasilquiz.com/termina-hoje-o-pagamento-do-primeiro-lote-auxilio-emergencial-para-aqueles-que-se-inscreveram-do-dia-7-a-10/,N/A
265,21/04/20,g5hhbl,mãe de isis helena afirma ter jogado o corpo da bebê no rio por que se desesperou ao perceber que a criança tinha morrido engasgada com leite,BrasilQuizNews,N/A,1,0,https://brasilquiz.com/mae-de-isis-helena-afirma-ter-jogado-o-corpo-da-bebe-no-rio-por-que-se-desesperou-ao-perceber-que-a-crianca-tinha-morrido-engasgada-com-leite/,N/A
266,21/04/20,g5hhb6,luciano huck ‘toca na ferida’ de bolsonaro mas sofre duro castigo,BrasilQuizNews,N/A,1,0,https://brasilquiz.com/luciano-huck-toca-na-ferida-de-bolsonaro-mas-sofre-duro-castigo/,N/A
267,21/04/20,g5gdt1,urgente avião cai e explode no brasil não sobrou nada,BrasilQuizNews,N/A,3,0,https://brasilquiz.com/urgente-aviao-cai-e-explode-no-brasil-nao-sobrou-nada/,N/A
268,21/04/20,g5gdst,carolina dieckmann celebra anos do filho com marcos frota e fãs reagem ‘a cara do pai’,BrasilQuizNews,N/A,1,0,https://brasilquiz.com/carolina-dieckmann-celebra-21-anos-do-filho-com-marcos-frota-e-fas-reagem-a-cara-do-pai/,N/A
269,21/04/20,g5gdsn,menino de anos trabalha sozinho para sustentar a família uma história de partir o coração,BrasilQuizNews,N/A,1,0,https://brasilquiz.com/menino-de-10-anos-trabalha-sozinho-para-sustentar-a-familia-uma-historia-de-partir-o-coracao/,N/A
270,21/04/20,g5fdb7,caso ísis helena jenifer confessa que tirou a vidinha de ísis descanse em paz anjinho,BrasilQuizNews,N/A,1,0,https://brasilquiz.com/caso-isis-helena-jenifer-confessa-que-tirou-a-vidinha-de-isis-descanse-em-paz-anjinho/,N/A
271,21/04/20,g5fday,alguns famosos que têm filhos e você nem sabia,BrasilQuizNews,N/A,1,0,https://brasilquiz.com/alguns-famosos-que-tem-filhos-e-voce-nem-sabia/,N/A
272,21/04/20,g5dn1j,vaza vídeo de diego alemão sendo algemado e colocado no camburão da pm,BrasilQuizNews,N/A,1,0,https://brasilquiz.com/vaza-video-de-diego-alemao-sendo-algemado-e-colocado-no-camburao-da-pm/,N/A
273,21/04/20,g5dn14,luto na música cantor morre após sofrer acidente doméstico,BrasilQuizNews,N/A,1,0,https://brasilquiz.com/luto-na-musica-cantor-morre-apos-sofrer-acidente-domestico/,N/A
274,21/04/20,g55zxj,homem é preso após querer caminhar na praia em pernambuco,BrasilQuizNews,N/A,1,0,https://brasilquiz.com/homem-e-preso-apos-querer-caminhar-na-praia-em-pernambuco/,N/A
275,21/04/20,g551kd,técnica em enfermagem morre por não haver vaga em uti de hospital,BrasilQuizNews,N/A,1,0,https://brasilquiz.com/tecnica-em-enfermagem-morre-por-nao-haver-vaga-em-uti-de-hospital/,N/A
276,20/04/20,g5421d,homem forte do conar que atacou gusttavo lima é pai de tiago leifert,BrasilQuizNews,N/A,1,0,https://brasilquiz.com/homem-forte-do-conar-que-atacou-gusttavo-lima-e-pai-de-tiago-leifert/,N/A
277,20/04/20,g4zjwa,caixa ensina como destravar seu auxílio emergencial,BrasilQuizNews,N/A,1,0,https://brasilquiz.com/caixa-ensina-como-destravar-seu-auxilio-emergencial/,N/A
278,20/04/20,g4yjs0,a live do século evaristo e padre fábio de melo se enfrentam cara a cara pela primeira vez,BrasilQuizNews,N/A,1,0,https://brasilquiz.com/a-live-do-seculo-evaristo-e-padre-fabio-de-melo-se-enfrentam-cara-a-cara-pela-primeira-vez/,N/A
279,20/04/20,g4xc7d,bbb exmarido de ivy rasga o verbo e revela motivo do fim do casamento,BrasilQuizNews,N/A,1,0,https://brasilquiz.com/bbb20-ex-marido-de-ivy-rasga-o-verbo-e-revela-motivo-do-fim-do-casamento/,N/A
280,20/04/20,g4xc77,live da dupla henrique e juliano encerra com lema “brasil acima de tudo deus acima de todos”,BrasilQuizNews,N/A,1,0,https://brasilquiz.com/live-da-dupla-henrique-e-juliano-encerra-com-lema-brasil-acima-de-tudo-deus-acima-de-todos/,N/A
281,29/03/20,fr03ad,eles não aprenderam os mercados chineses ainda estão vendendo morcegos e abatendo coelhos no chão encharcado de sangue enquanto pequim comemora vitória sobre o coronavírus,Leandro_AB_,N/A,1,0,https://www.resumo.blog.br/2020/03/eles-nao-aprenderam-os-mercados.html,N/A
282,04/04/18,89nqfn,carioca faz declaração de amor e pede para mulher voltar,thiagoparrini,N/A,1,0,https://www.youtube.com/attribution_link?a=_S3AroOIcKg&u=%2Fwatch%3Fv%3DHsBROJrhl40%26feature%3Dshare,N/A
283,12/04/16,4eh3b4,maluf deixa lista pública de procurados pela interpol,leZuero,N/A,1,0,http://g1.globo.com/sao-paulo/noticia/2016/04/maluf-deixa-lista-publica-de-procurados-pela-interpol.html,N/A
284,01/04/16,4cwoh5,apple quer bipar palavrões e prn em músicas e audiobooks e isso é péssimo,eduardocl,N/A,1,0,http://meiobit.com/340103/apple-patente-metodo-censura-musicas-audiobooks-identificas-palavroes-conteudo-improprio-pr0n/,N/A
285,26/03/16,4c36xj,o stf obriga sergio moro a dizer o que ainda não disse senso incomum,leZuero,N/A,2,0,http://sensoincomum.org/2016/03/26/o-stf-obriga-sergio-moro-a-dizer-o-que-ainda-nao-disse/,N/A
286,05/03/16,49240x,o antagonista mais um delator acusa lula,leZuero,N/A,1,0,http://www.oantagonista.com/posts/mais-um-delator-acusa-lula-3ebc82d4-393b-44c6-9b93-30491f2e3430,N/A
287,05/03/16,4922ys,leia o despacho de sérgio moro determinando a condução coercitiva de lula,leZuero,N/A,1,0,http://jota.uol.com.br/leia-o-despacho-de-sergio-moro-determinando-a-conducao-coercitiva-de-lula,N/A
